latitude,longitude,noise_level_db,timestamp,proximity_to_road_m,proximity_to_airport_km,weather_condition,vehicle_count,building_distance_m,ambient_temperature_c
51.76085259925142,-0.3359369596119964,84,2024-12-16 11:32:46,887,43.297192760570866,Windy,125,653,22.294714071425414
51.760548655594754,-0.34245836314903183,99,2024-12-16 11:17:46,471,37.18827725171644,Stormy,85,627,29.9016775313932
51.753886386496845,-0.3301703451854395,68,2024-12-16 11:02:46,40,2.5703829938135163,Rainy,388,507,11.036902244622713
51.74414274518051,-0.326716507534035,67,2024-12-16 10:47:46,173,24.245493947215156,Stormy,293,649,7.089254143023958
51.74352155980416,-0.3399505389837377,58,2024-12-16 10:32:46,152,28.52054836259374,Clear,118,381,22.581569947887015
51.74312597685175,-0.3331056675754275,95,2024-12-16 10:17:46,464,46.96666264852914,Cloudy,120,161,12.108325850614843
51.753424743074824,-0.3325428350454503,81,2024-12-16 10:02:46,171,43.21301050307579,Clear,430,345,33.75440547848461
51.74617888393623,-0.33421360793372507,86,2024-12-16 09:47:46,573,7.062021241672863,Clear,429,176,23.615445488866634
51.750215412804124,-0.33246615227148735,65,2024-12-16 09:32:46,173,19.179498160339428,Rainy,102,249,15.417534958882184
51.750344884118306,-0.3320576745299564,58,2024-12-16 09:17:46,864,18.913779167271308,Rainy,57,211,34.23389307088151
51.75808146709791,-0.33156407270719096,57,2024-12-16 09:02:46,145,25.95071733184331,Windy,385,740,29.930776899911304
51.75153480608894,-0.33858800988621246,64,2024-12-16 08:47:46,472,23.600272164424435,Windy,327,314,7.279641707637303
51.75403849232333,-0.3251783436736157,93,2024-12-16 08:32:46,120,6.054658189957781,Stormy,254,212,34.999402203859596
51.753822011275346,-0.33414312207676683,98,2024-12-16 08:17:46,964,12.793785836825153,Rainy,65,325,20.94509313387372
51.75967700383074,-0.3258546908533449,96,2024-12-16 08:02:46,819,2.3378978012255964,Clear,373,334,5.239607169699721
51.7533555662563,-0.3416378480315432,63,2024-12-16 07:47:46,185,28.66729827443765,Rainy,23,363,10.872090432645884
51.761473413406286,-0.3353727098565743,75,2024-12-16 07:32:46,465,15.020042048898338,Stormy,295,221,9.076438729323002
51.750912817756735,-0.3368619632394346,86,2024-12-16 07:17:46,715,47.74199086161505,Clear,391,467,24.732733192898767
51.74355681108764,-0.33841365470571955,73,2024-12-16 07:02:46,667,29.57851239807849,Cloudy,321,379,22.900223215575558
51.743455205157765,-0.3269852954957008,93,2024-12-16 06:47:46,425,26.23652879067529,Windy,306,389,17.955746924559882
51.76142646067437,-0.3266441612206618,66,2024-12-16 06:32:46,74,46.71222776622867,Foggy,432,245,10.791847611950097
51.746731327557725,-0.34064084472476863,75,2024-12-16 06:17:46,997,39.904704989705486,Clear,297,193,26.381473513442348
51.761359289137594,-0.33421131824457745,100,2024-12-16 06:02:46,777,21.059073269836695,Stormy,357,762,30.762468350019187
51.74961411090785,-0.3279901320294165,97,2024-12-16 05:47:46,574,34.66307036635064,Cloudy,445,588,18.745864936031712
51.75903432416774,-0.3409191075927078,96,2024-12-16 05:32:46,905,47.33918923530495,Cloudy,78,442,9.571708301364605
51.75002322605192,-0.32684301117862075,86,2024-12-16 05:17:46,800,19.510871208602357,Cloudy,369,53,20.878332662618483
51.744770556818295,-0.343088106771457,64,2024-12-16 05:02:46,372,44.698489613231445,Windy,329,285,21.12393554247472
51.76196126755626,-0.33906361263658086,89,2024-12-16 04:47:46,595,39.941514000779485,Clear,327,182,16.41636704662087
51.74953778791459,-0.3337952593781875,50,2024-12-16 04:32:46,139,27.027796107848097,Clear,475,526,15.051018604388092
51.74938179605192,-0.3331696395407965,95,2024-12-16 04:17:46,245,13.151280177510332,Stormy,407,367,14.220241543542457
51.75588168675665,-0.3308799056434166,70,2024-12-16 04:02:46,809,13.125797898587509,Cloudy,493,742,26.364469726680966
51.761895264568395,-0.3426430341755037,74,2024-12-16 03:47:46,805,7.4489063456276305,Foggy,200,473,23.717086958391643
51.760774823866974,-0.33613105672070676,65,2024-12-16 03:32:46,166,35.27155674211671,Stormy,137,191,13.278091865761821
51.761821701610906,-0.34123182325199425,73,2024-12-16 03:17:46,823,25.28173278410572,Stormy,422,385,33.71131107198744
51.752619000696384,-0.3376377042298269,78,2024-12-16 03:02:46,655,27.63575176175212,Rainy,307,506,7.834888254190009
51.74576124185494,-0.3240819728208736,53,2024-12-16 02:47:46,92,41.56498853557361,Stormy,481,506,34.884654966965954
51.745527941734856,-0.32699800191376616,57,2024-12-16 02:32:46,310,10.999051313575569,Stormy,138,306,9.61855341583466
51.75722823466348,-0.3267463458763464,92,2024-12-16 02:17:46,719,37.02659352292348,Clear,286,768,26.1037504713481
51.7606175924087,-0.34089138436582744,76,2024-12-16 02:02:46,702,23.907437299297822,Windy,394,705,31.857632106721677
51.75068085705383,-0.3382790872634051,63,2024-12-16 01:47:46,806,41.83580833818594,Windy,164,754,5.23391228740961
51.75885498697901,-0.3312626232859795,69,2024-12-16 01:32:46,979,10.184644646638729,Stormy,110,366,20.45343546596292
51.7532195203193,-0.3256445271748739,69,2024-12-16 01:17:46,634,44.8830609102459,Cloudy,329,698,9.622018995283776
51.75517123464423,-0.33768613165168654,100,2024-12-16 01:02:46,749,32.6486977360964,Clear,16,360,24.045681776894387
51.75949858755815,-0.33800418376019353,69,2024-12-16 00:47:46,631,6.978013186714803,Foggy,102,630,22.54720103903943
51.75210836250093,-0.324395527972223,65,2024-12-16 00:32:46,969,43.97090329829337,Clear,141,338,23.796893762996653
51.75170350490713,-0.3393180366409438,94,2024-12-16 00:17:46,849,33.478646324560316,Clear,107,595,21.41546407020266
51.745683329660785,-0.32613625817565095,76,2024-12-16 00:02:46,548,37.932619889079454,Cloudy,455,211,17.086257042869498
51.75246059724147,-0.34161955243518777,91,2024-12-15 23:47:46,18,22.563548794702342,Rainy,390,712,24.517256735801745
51.756289700701366,-0.3429690009677992,61,2024-12-15 23:32:46,751,9.76136264418492,Windy,150,349,33.88974250759077
51.7497002070808,-0.33240827896230435,92,2024-12-15 23:17:46,694,42.83398944685709,Foggy,9,388,19.31609301822459
51.755334799261746,-0.3241186956384602,52,2024-12-15 23:02:46,611,29.25335335578229,Windy,454,132,31.27576927081892
51.746917921770326,-0.33917253994372654,57,2024-12-15 22:47:46,931,13.889883173244256,Clear,471,363,32.643383218658045
51.75294307345466,-0.3365787412138255,72,2024-12-15 22:32:46,343,49.01546271583629,Foggy,4,603,9.30909937824354
51.76021195343311,-0.3266527354974808,97,2024-12-15 22:17:46,405,29.435857418928855,Foggy,209,26,27.351156221617803
51.74271840378606,-0.3411654660386982,58,2024-12-15 22:02:46,927,26.27735821282396,Rainy,76,419,17.951960044808402
51.750325801858736,-0.32732491320555734,89,2024-12-15 21:47:46,194,49.33858148217423,Foggy,357,775,27.02507671592187
51.753337275808896,-0.3305569258016559,51,2024-12-15 21:32:46,813,30.384615192311685,Cloudy,182,478,18.40656035360483
51.754950575624704,-0.33288589589825457,69,2024-12-15 21:17:46,955,33.12334667263747,Foggy,258,340,9.190607222747323
51.75174246854651,-0.32797712042776256,84,2024-12-15 21:02:46,403,11.014054947855296,Rainy,181,359,18.660542657094574
51.75117417700217,-0.3381434007337268,97,2024-12-15 20:47:46,429,27.702119725679015,Foggy,271,595,32.71186530290349
51.757039124952264,-0.3269233956194374,98,2024-12-15 20:32:46,61,36.77719261560377,Clear,29,172,9.548656784442716
51.75473295224634,-0.3290286750618645,63,2024-12-15 20:17:46,994,9.606503508551713,Stormy,476,293,19.434425644558445
51.756905220014275,-0.3385671129184588,86,2024-12-15 20:02:46,349,4.744567395037111,Clear,423,398,23.954935036204002
51.76169417679769,-0.3251752819888332,57,2024-12-15 19:47:46,157,45.39365403261139,Foggy,229,181,21.599674530420266
51.75551762316597,-0.3419581809722373,92,2024-12-15 19:32:46,936,19.50439779578921,Clear,18,741,30.226155014015774
51.75896606116993,-0.3272927668199184,50,2024-12-15 19:17:46,203,39.42753383324925,Foggy,329,673,12.447243181925845
51.74667322967304,-0.3429905746585602,86,2024-12-15 19:02:46,517,22.897191619686804,Clear,273,348,33.59434305614097
51.760721294887084,-0.33309637736441894,52,2024-12-15 18:47:46,154,4.474378882754638,Foggy,236,644,19.285148209996862
51.74317163943574,-0.33582487023420315,85,2024-12-15 18:32:46,853,24.45490872493285,Rainy,342,98,19.978892209208432
51.75087743794536,-0.34323917696437223,81,2024-12-15 18:17:46,197,13.139021302758033,Stormy,451,541,12.03630528926835
51.74527194219092,-0.3248643155850747,55,2024-12-15 18:02:46,119,11.154063406778445,Stormy,300,511,21.401468723464365
51.75219683640825,-0.341851702375307,51,2024-12-15 17:47:46,529,12.808082328930249,Rainy,475,364,30.270569629399546
51.7618326018322,-0.336443270112736,88,2024-12-15 17:32:46,207,20.0597875067275,Cloudy,335,87,23.429372625072613
51.75943042815652,-0.3425867743639226,91,2024-12-15 17:17:46,53,42.95058544969548,Foggy,190,368,15.397123591586222
51.75400367392152,-0.32612248820874434,82,2024-12-15 17:02:46,22,31.15199995367787,Rainy,6,516,15.569147970673233
51.76057033574973,-0.33474684174024877,60,2024-12-15 16:47:46,16,27.31367413680366,Rainy,151,264,20.472332202139484
51.74635472816464,-0.3378814519933305,97,2024-12-15 16:32:46,902,43.50994336396516,Windy,346,548,16.472395359134985
51.75750418285218,-0.336176417437739,90,2024-12-15 16:17:46,924,13.039917492103696,Stormy,444,58,22.309032299066054
51.74257352494075,-0.3413032560260468,81,2024-12-15 16:02:46,740,31.542616588965203,Rainy,427,773,27.420536126920208
51.7600413842435,-0.3341099919203622,79,2024-12-15 15:47:46,829,34.71837734357042,Windy,171,687,7.803131212233479
51.74275470254234,-0.34063035757103144,71,2024-12-15 15:32:46,592,30.004564294781485,Rainy,1,40,16.612972854695595
51.74758257991985,-0.3438378225183881,54,2024-12-15 15:17:46,669,29.64750413628096,Stormy,206,615,28.157789677151296
51.74576392463173,-0.33070365768616083,73,2024-12-15 15:02:46,592,14.584083810838296,Rainy,91,306,21.593971013238576
51.74944221515115,-0.33272793285480207,56,2024-12-15 14:47:46,169,25.39889268881952,Windy,180,113,32.83399046298949
51.75428612795236,-0.3364617447324334,63,2024-12-15 14:32:46,205,47.17141482108433,Windy,137,629,27.588070737007495
51.7492947759418,-0.32998294975169945,95,2024-12-15 14:17:46,80,15.91997674822079,Rainy,479,219,22.021173696935808
51.74899602341338,-0.3318440513565244,67,2024-12-15 14:02:46,584,13.887897147675135,Windy,245,759,17.386719647547036
51.756086288158684,-0.33659934637581157,90,2024-12-15 13:47:46,428,19.50197457265563,Rainy,268,378,13.595088817255487
51.74472473275212,-0.3366024102876557,80,2024-12-15 13:32:46,637,6.45173560872474,Stormy,327,287,18.333660519549916
51.744253989982795,-0.34076287400892186,62,2024-12-15 13:17:46,739,44.93522666670561,Windy,136,652,8.491516996505872
51.75718579667862,-0.32428092810735143,93,2024-12-15 13:02:46,558,1.2967941523376836,Clear,145,329,23.26058168831858
51.74456615875858,-0.33143063587163063,82,2024-12-15 12:47:46,873,37.185736597941826,Foggy,43,700,10.948306303339514
51.75844732062942,-0.3258376736469779,93,2024-12-15 12:32:46,230,25.770424330871784,Foggy,77,393,10.542361351862734
51.757892794299124,-0.3426004898518473,64,2024-12-15 12:17:46,853,18.746006983390515,Cloudy,366,777,23.42017095931987
51.74266593272697,-0.3323238246472863,59,2024-12-15 12:02:46,330,36.66536752186039,Windy,279,58,27.907064238484423
51.75263794369115,-0.341693764959306,100,2024-12-15 11:47:46,455,6.774015590204487,Cloudy,144,354,26.27398801464671
51.74877583588582,-0.3304034953386249,98,2024-12-15 11:32:46,219,45.45111536784235,Rainy,302,156,28.670867788433213
51.75983722439189,-0.33446909076649683,75,2024-12-15 11:17:46,340,22.372727168696585,Foggy,246,426,30.571466903165664
51.75664746898424,-0.3291340391004032,58,2024-12-15 11:02:46,284,22.021427913485116,Clear,97,167,18.589096710345416
51.75992847917974,-0.33223358611826154,51,2024-12-15 10:47:46,207,16.605103061719312,Rainy,145,99,21.671067511654535
51.753927567386306,-0.33364178663571636,71,2024-12-15 10:32:46,472,46.479932550364154,Stormy,428,502,6.250271957241342
51.75362212862721,-0.33475736326308797,96,2024-12-15 10:17:46,481,16.54679493175353,Foggy,435,269,19.545845095541495
51.759463014751546,-0.3271251913684594,54,2024-12-15 10:02:46,823,2.21326748783507,Foggy,292,724,25.64854102795386
51.75513286725292,-0.326914416242398,86,2024-12-15 09:47:46,597,23.649065304104795,Cloudy,201,71,5.256233995959154
51.76078973569309,-0.34024937856223797,87,2024-12-15 09:32:46,892,45.91670407423274,Cloudy,73,269,10.942550852236414
51.74535255503198,-0.3351707078868949,79,2024-12-15 09:17:46,72,23.723343236246095,Cloudy,60,445,11.850484933787637
51.751788086181165,-0.3288319561512339,85,2024-12-15 09:02:46,123,8.422278587723138,Rainy,368,728,25.343713240667697
51.75304338020897,-0.3380118498288417,52,2024-12-15 08:47:46,59,18.919179268482164,Stormy,159,506,21.792847141107835
51.7611615000287,-0.3337791631946055,66,2024-12-15 08:32:46,232,37.8868430637325,Foggy,296,155,19.495098509456
51.74259722963345,-0.33454870609691845,83,2024-12-15 08:17:46,413,36.94833243293933,Rainy,282,126,17.85548673829408
51.75427218871284,-0.32776289212469717,92,2024-12-15 08:02:46,882,27.62284005934553,Clear,202,147,22.413643115157967
51.75940789758608,-0.333238782845702,69,2024-12-15 07:47:46,542,40.86335683580982,Foggy,71,723,24.29083920104115
51.74377162408317,-0.33056932759375013,70,2024-12-15 07:32:46,16,28.35880900896806,Windy,165,37,15.418394467697897
51.747450472252844,-0.3296125547655076,71,2024-12-15 07:17:46,341,35.68602005222913,Windy,334,309,26.614907963552227
51.74531678756869,-0.3358790749425167,72,2024-12-15 07:02:46,135,22.97979678299233,Cloudy,422,298,5.4229195773212036
51.754872099819124,-0.3411680233334591,56,2024-12-15 06:47:46,273,29.471828688790954,Stormy,243,528,31.8186755641358
51.75878217545785,-0.3259545099017682,55,2024-12-15 06:32:46,481,45.811058156242474,Rainy,410,358,6.96374192475403
51.74600395455483,-0.3345392476476834,90,2024-12-15 06:17:46,566,40.60567232160669,Clear,241,93,7.040984264019453
51.75567533574914,-0.3392172010040285,50,2024-12-15 06:02:46,751,31.863047841003155,Rainy,38,76,34.78094568711481
51.74620376904665,-0.3420739860621007,95,2024-12-15 05:47:46,36,28.657164940324424,Cloudy,15,232,25.298211792828297
51.75897221798802,-0.335467715892338,66,2024-12-15 05:32:46,590,29.128485556669286,Rainy,322,287,10.234510623084551
51.75047452945689,-0.33531540269088805,52,2024-12-15 05:17:46,607,48.5998999158531,Windy,328,512,11.665589485459455
51.75941587810855,-0.3417932338253372,83,2024-12-15 05:02:46,18,30.236291919896008,Clear,338,604,12.863959524004006
51.761451862594534,-0.3304875649389294,53,2024-12-15 04:47:46,394,41.29860884139512,Stormy,150,124,34.98949384487349
51.75625565211273,-0.3288689986078779,79,2024-12-15 04:32:46,867,2.306112358117076,Foggy,467,766,13.228262600611396
51.7497158491983,-0.33485400095014145,72,2024-12-15 04:17:46,662,12.994380116267738,Cloudy,299,413,9.702137451475986
51.747676616691066,-0.3435300337980898,78,2024-12-15 04:02:46,112,18.452349959872095,Clear,207,382,20.258901266096423
51.75482072379046,-0.325569892038756,79,2024-12-15 03:47:46,995,26.559336416372833,Clear,166,103,10.533528492837299
51.75983167331391,-0.33237158953968876,94,2024-12-15 03:32:46,793,25.43978925032687,Stormy,38,229,17.171564046419103
51.747984073165455,-0.3353674176609124,64,2024-12-15 03:17:46,154,7.924437375107151,Cloudy,427,336,19.516297264832495
51.75349266861613,-0.33725923062309715,70,2024-12-15 03:02:46,990,6.69327808126528,Foggy,146,784,15.155844651888692
51.74976238464175,-0.3258951182553785,97,2024-12-15 02:47:46,902,2.676718452345744,Clear,486,488,10.417594299977306
51.75847370388778,-0.3384997595968455,78,2024-12-15 02:32:46,772,37.45379861068308,Rainy,220,135,31.61743322027733
51.745196096178226,-0.34082467362533453,51,2024-12-15 02:17:46,41,37.23104327586739,Windy,382,697,32.44605614946779
51.7440238336264,-0.33674660676869006,81,2024-12-15 02:02:46,652,10.416432224210135,Cloudy,317,332,10.866924821164783
51.75170382705929,-0.3374031270242215,99,2024-12-15 01:47:46,749,47.45788335370909,Cloudy,466,500,25.573795207699565
51.74299586727491,-0.3396542783530598,95,2024-12-15 01:32:46,470,28.537040107901497,Windy,92,625,5.819511249807546
51.75808802796922,-0.32908317269460363,86,2024-12-15 01:17:46,921,29.155934566828744,Windy,180,717,15.751685348940034
51.7594571754249,-0.34359699791055065,70,2024-12-15 01:02:46,279,18.401255251635924,Cloudy,441,108,16.962608125828936
51.74330306040724,-0.3245681649546392,82,2024-12-15 00:47:46,999,14.074120309343147,Foggy,189,127,32.52835679289568
51.75607037897173,-0.3400176389690936,86,2024-12-15 00:32:46,41,8.03521803748113,Cloudy,83,679,33.041786522757604
51.75727112015856,-0.3296048315504028,50,2024-12-15 00:17:46,261,41.23122634672186,Stormy,103,648,23.504995742878997
51.754022577193155,-0.3403840579663607,72,2024-12-15 00:02:46,830,6.9932622531436905,Cloudy,258,703,11.004566393402607
51.75470067731219,-0.3263170626564477,93,2024-12-14 23:47:46,39,23.114809739021254,Windy,217,172,27.958681834936776
51.758205242139866,-0.3380406237878477,75,2024-12-14 23:32:46,548,39.02357142314637,Rainy,326,518,26.152955787907818
51.74220560820815,-0.34039130277104745,76,2024-12-14 23:17:46,688,37.29600332079089,Clear,102,505,32.800311108095954
51.742162549016506,-0.34017139261660906,52,2024-12-14 23:02:46,432,34.96142705310052,Stormy,189,667,34.91934651998019
51.75223427102809,-0.3318209939873574,97,2024-12-14 22:47:46,936,19.351099585666734,Stormy,116,486,25.427149830318548
51.760825143297815,-0.33950177963906075,57,2024-12-14 22:32:46,194,14.29844947882239,Rainy,374,154,16.463381967644196
51.75722880409669,-0.32436511733701856,52,2024-12-14 22:17:46,868,31.468742560680607,Windy,447,40,20.008878441201702
51.75549720008462,-0.33967241018486066,59,2024-12-14 22:02:46,486,20.784510038276817,Stormy,325,777,15.874632505174095
51.74854731351938,-0.32999608808840475,85,2024-12-14 21:47:46,851,21.09442350799321,Foggy,129,264,8.016213034911829
51.749715541773334,-0.3295871141023373,92,2024-12-14 21:32:46,773,35.387075313076146,Rainy,448,76,12.858954737541627
51.75956000818619,-0.34370348277265755,52,2024-12-14 21:17:46,495,22.28488632337582,Foggy,471,396,14.284175706401804
51.760867619880635,-0.3430806909177664,52,2024-12-14 21:02:46,177,27.708886123636297,Foggy,102,464,20.43656833982353
51.74675402281966,-0.3315815244902448,100,2024-12-14 20:47:46,534,42.989243828412846,Stormy,395,95,18.173403839234247
51.74814109834127,-0.3436237891215963,53,2024-12-14 20:32:46,593,6.547907997430567,Stormy,27,94,26.025575802940946
51.76138336399985,-0.3390513893900358,74,2024-12-14 20:17:46,122,41.77020301723001,Stormy,58,605,31.578435071828693
51.74693055294852,-0.3264574572817738,93,2024-12-14 20:02:46,918,47.55275395720897,Windy,404,512,18.688552780565725
51.747163125926,-0.3305252183383782,75,2024-12-14 19:47:46,237,3.0989796922727915,Foggy,259,755,14.616189070835219
51.74313012048092,-0.3298385958662713,62,2024-12-14 19:32:46,555,26.595478108146967,Cloudy,239,452,14.562344320763684
51.753049593730616,-0.32892778753953344,60,2024-12-14 19:17:46,642,43.29278683863253,Cloudy,440,443,31.473064425260525
51.746563194152735,-0.3359368385819974,59,2024-12-14 19:02:46,954,46.6454918529947,Rainy,454,523,19.214051669632394
51.744591225383516,-0.33223428989239207,84,2024-12-14 18:47:46,293,16.123049727669667,Clear,19,508,7.421860111048297
51.76173357099208,-0.342529225367517,61,2024-12-14 18:32:46,832,9.64771740303013,Clear,296,428,16.42473676215423
51.75092044420175,-0.34220232025416086,94,2024-12-14 18:17:46,477,48.53510310541524,Stormy,393,589,7.301050389300089
51.75121228034713,-0.34011375299404,88,2024-12-14 18:02:46,657,13.36856978621778,Stormy,177,574,13.732243746968077
51.748546610034026,-0.3320673308962939,68,2024-12-14 17:47:46,718,24.647627661122407,Clear,151,742,18.889648048171555
51.759311943700155,-0.335061602616305,91,2024-12-14 17:32:46,290,39.465551806370186,Windy,113,571,7.966354846404647
51.751831572941306,-0.34024063701071483,61,2024-12-14 17:17:46,582,35.67603113913495,Cloudy,295,621,18.31376337000981
51.746234905734774,-0.33087022736500377,70,2024-12-14 17:02:46,982,34.59985471230529,Foggy,56,590,29.40370759516001
51.75947196227732,-0.3428104145326214,95,2024-12-14 16:47:46,217,12.42067147369136,Clear,81,439,33.79295690349862
51.75192641192664,-0.33119733848332883,84,2024-12-14 16:32:46,767,2.5876914814445047,Foggy,388,54,10.639214389852214
51.76160560107071,-0.3425315561318111,64,2024-12-14 16:17:46,563,19.27026415122047,Windy,58,697,5.890891816128137
51.75588460198959,-0.33480711610812813,61,2024-12-14 16:02:46,319,4.95920365229952,Cloudy,496,667,9.676680367670134
51.744842130818895,-0.3292021411359476,61,2024-12-14 15:47:46,17,47.80220865286135,Windy,270,347,10.16113466887818
51.758611848073045,-0.33501706451700713,89,2024-12-14 15:32:46,305,37.66343916665159,Foggy,9,480,30.39280686242215
51.759883734458114,-0.3336974980151606,95,2024-12-14 15:17:46,904,11.760681599719037,Stormy,328,219,7.30663182851965
51.745189857291265,-0.34056382276446345,94,2024-12-14 15:02:46,264,13.113031194721842,Foggy,240,416,32.47775385509934
51.75395898457172,-0.3328496980272869,76,2024-12-14 14:47:46,646,21.516230930573293,Cloudy,354,638,23.366746259362337
51.759377030048284,-0.3330736577436514,55,2024-12-14 14:32:46,824,21.244117271801702,Foggy,26,641,13.236046303522466
51.74389232229527,-0.32822983360503777,78,2024-12-14 14:17:46,296,41.60612724467341,Stormy,19,607,15.66750114196584
51.75824919625982,-0.325880556703329,71,2024-12-14 14:02:46,415,40.098449947305035,Rainy,397,694,12.046177725244256
51.74277862927143,-0.3282476581175105,97,2024-12-14 13:47:46,486,15.656802202595895,Windy,342,258,21.042171585328838
51.75669758016286,-0.34041891254449624,67,2024-12-14 13:32:46,537,35.198838252096955,Stormy,24,687,8.611200364686548
51.75861807521519,-0.3347258497320592,69,2024-12-14 13:17:46,685,14.874860011368698,Stormy,144,533,30.265550729641713
51.743803490431496,-0.3350224636123645,100,2024-12-14 13:02:46,511,8.948979444127765,Cloudy,197,247,11.206809393386798
51.759424360978734,-0.33071514068634383,82,2024-12-14 12:47:46,557,32.90688977527209,Clear,374,328,31.494454883020772
51.74254408039526,-0.334813895893173,95,2024-12-14 12:32:46,549,22.617353295592224,Foggy,284,229,30.447007673276037
51.7522916769263,-0.33845541455519823,84,2024-12-14 12:17:46,615,12.185501974039862,Foggy,66,643,31.957607156243874
51.74448446035205,-0.3259037764343967,73,2024-12-14 12:02:46,903,45.91473655195157,Windy,483,570,29.70123660458711
51.74760079556957,-0.3420446989836594,60,2024-12-14 11:47:46,49,2.8696687385178685,Cloudy,152,167,15.894571364804321
51.75088338086793,-0.3432704745211579,67,2024-12-14 11:32:46,62,27.589999369286893,Foggy,95,412,17.956461856311016
51.75954269725558,-0.33327920150822077,78,2024-12-14 11:17:46,828,23.079969107784997,Clear,326,139,13.589600279399498
51.75176639816451,-0.3240432167592434,79,2024-12-14 11:02:46,132,5.402512297745585,Foggy,256,279,28.7155194269561
51.75121852876773,-0.32527747618063063,96,2024-12-14 10:47:46,54,1.895055569307781,Stormy,405,75,28.765539591169954
51.76016190829391,-0.3350690997551308,69,2024-12-14 10:32:46,113,22.1088446511795,Windy,326,662,24.99418410686146
51.748177243399056,-0.3285262265551227,56,2024-12-14 10:17:46,15,43.41499610711765,Clear,105,207,11.385363241836409
51.75035884621506,-0.3419188054904667,76,2024-12-14 10:02:46,79,4.081143273827461,Clear,367,356,5.320177847850518
51.75831589508594,-0.3367980623178095,71,2024-12-14 09:47:46,449,17.54882541719292,Rainy,102,268,12.232005981845262
51.75176116275229,-0.3305187266302517,83,2024-12-14 09:32:46,531,46.47737645054214,Cloudy,31,627,15.898953486346667
51.74384932794437,-0.3268854677411478,98,2024-12-14 09:17:46,424,18.164458698333828,Windy,365,567,22.70353523518156
51.744378238271885,-0.33654693833446386,65,2024-12-14 09:02:46,668,3.1073134443221964,Rainy,445,567,14.18113603760614
51.75274161580469,-0.3429764830100635,81,2024-12-14 08:47:46,1000,4.382366021979164,Rainy,287,243,17.50782136319146
51.75669945177697,-0.3339062592496708,56,2024-12-14 08:32:46,812,9.871985319581158,Windy,459,78,28.26042950421108
51.74956238623564,-0.33884311054795146,50,2024-12-14 08:17:46,262,39.3867300356814,Windy,197,113,15.599703007681224
51.75292553871175,-0.34010229236942247,93,2024-12-14 08:02:46,103,32.47728038811686,Rainy,292,171,22.41002722685683
51.76188920161667,-0.3248413884545625,62,2024-12-14 07:47:46,674,8.665612201847864,Stormy,343,791,33.99165502972021
51.74300482096004,-0.34145244080082526,64,2024-12-14 07:32:46,813,48.49677487855244,Windy,2,375,10.158857269555398
51.74375159253561,-0.34369346671849726,77,2024-12-14 07:17:46,723,5.639131674383898,Clear,98,552,7.026426352365329
51.746335548569476,-0.3350109031451021,99,2024-12-14 07:02:46,120,31.038310358108692,Rainy,197,216,22.527025167218476
51.74544862629369,-0.33196468835314547,61,2024-12-14 06:47:46,532,43.964557203463876,Cloudy,96,453,11.268642479371405
51.758264609751414,-0.3257835195376443,57,2024-12-14 06:32:46,556,38.170644718980775,Foggy,215,720,17.938155156049866
51.74933126675149,-0.3273978142939922,60,2024-12-14 06:17:46,23,43.60468090401054,Cloudy,263,606,5.714125629997683
51.75357146195283,-0.3392937822836444,74,2024-12-14 06:02:46,462,10.19379251193678,Stormy,332,29,25.45581822254999
51.74927095153312,-0.3364856119731807,78,2024-12-14 05:47:46,747,39.676563359466414,Foggy,473,699,32.257315921770186
51.74831753647984,-0.34068646350891624,50,2024-12-14 05:32:46,387,46.68930347045511,Cloudy,383,624,6.524295931535322
51.75475860571346,-0.3357038520399495,97,2024-12-14 05:17:46,753,1.5999788904326264,Foggy,314,273,21.201139629034923
51.74667650741396,-0.33215443406638134,80,2024-12-14 05:02:46,634,28.494153350635496,Rainy,392,395,33.38805419980207
51.742659100233105,-0.3362442330383153,96,2024-12-14 04:47:46,870,15.611070888105393,Windy,177,273,29.528178606636573
51.751540797171764,-0.32920779099127934,68,2024-12-14 04:32:46,592,5.903800829888483,Cloudy,259,710,18.28520964000112
51.76039554760813,-0.32782027783477796,58,2024-12-14 04:17:46,320,31.07166223070482,Foggy,409,717,30.12366353263165
51.74814736698923,-0.326271014005476,94,2024-12-14 04:02:46,268,40.62620452356232,Stormy,304,722,15.926695888932244
51.75765717622059,-0.3336453585802211,79,2024-12-14 03:47:46,80,36.163653108747106,Clear,293,155,11.424488227452468
51.74728962085605,-0.33162048747071715,66,2024-12-14 03:32:46,418,48.41445014638103,Cloudy,205,432,14.22731003818296
51.745593810570895,-0.33155633454896843,59,2024-12-14 03:17:46,572,23.0757675156904,Stormy,12,669,18.768015603373232
51.74378872306616,-0.3368293042917119,82,2024-12-14 03:02:46,225,17.86363767049869,Cloudy,243,789,21.980697248956382
51.74982810460353,-0.34344031312120493,54,2024-12-14 02:47:46,635,41.35395692697091,Foggy,426,239,31.082103756533957
51.75780975683631,-0.3426770505145344,74,2024-12-14 02:32:46,686,1.4854045950795907,Rainy,98,326,23.32440106505894
51.756269990658105,-0.3265665338164413,69,2024-12-14 02:17:46,189,15.399805476763596,Clear,251,729,27.49872636683159
51.7570129139883,-0.32674536922806635,61,2024-12-14 02:02:46,546,26.826356053581012,Stormy,227,120,29.739563340393904
51.75075853487417,-0.3241976231250217,52,2024-12-14 01:47:46,93,25.45972717039545,Foggy,499,128,22.297369235321067
51.7619049659883,-0.337852037725507,69,2024-12-14 01:32:46,622,1.5280501333379766,Clear,172,599,9.16810864308431
51.748385415894724,-0.33043982226893814,94,2024-12-14 01:17:46,507,30.699123310380486,Windy,173,647,33.511574407794726
51.760357183809155,-0.3388855303274829,94,2024-12-14 01:02:46,365,33.9653611877724,Clear,55,57,8.630127834818069
51.75037206401488,-0.3337752273458258,100,2024-12-14 00:47:46,479,11.83494172575363,Foggy,204,149,5.412748230195606
51.74326770892942,-0.33841028073048157,72,2024-12-14 00:32:46,578,9.310934304305482,Clear,278,240,27.938701842716497
51.744951906070035,-0.34341965639772476,83,2024-12-14 00:17:46,845,41.678782429984025,Windy,212,496,20.732207475328565
51.75163287869788,-0.33374788084428125,52,2024-12-14 00:02:46,545,13.0457735576967,Foggy,258,614,21.323903458990067
51.754092830893796,-0.3368651965895979,80,2024-12-13 23:47:46,608,35.24089161342576,Cloudy,430,266,24.743439170457915
51.74955106839289,-0.33185515799889226,99,2024-12-13 23:32:46,532,13.742216824958486,Rainy,126,488,12.365404148136198
51.74563126114883,-0.330711166024561,93,2024-12-13 23:17:46,269,27.777225950742576,Rainy,247,71,5.606104954023079
51.7529143811621,-0.3241138893056388,91,2024-12-13 23:02:46,830,15.07340965279216,Windy,495,432,25.333586004567348
51.76183116931975,-0.33764546020120745,79,2024-12-13 22:47:46,344,43.88735332788691,Foggy,63,272,5.539709709902217
51.75276506944901,-0.3355512178442842,56,2024-12-13 22:32:46,542,33.24768276365317,Foggy,433,519,11.306382396377792
51.75422988861776,-0.34138149778733623,96,2024-12-13 22:17:46,217,13.984677423038821,Foggy,148,767,24.233270533540374
51.747444623381625,-0.3392847815462439,58,2024-12-13 22:02:46,684,8.506028300102042,Clear,220,713,10.865917148490258
51.76140599309791,-0.3408074666491062,50,2024-12-13 21:47:46,969,36.70567099755902,Windy,30,147,20.204029770900455
51.74713924183316,-0.33799936728550817,91,2024-12-13 21:32:46,850,45.99372934365562,Rainy,119,507,20.945840127991822
51.75492509429441,-0.3251046045724784,97,2024-12-13 21:17:46,545,44.49734479476725,Foggy,47,732,11.869225845916235
51.75599742880871,-0.3377523110939181,52,2024-12-13 21:02:46,281,13.09015836710869,Clear,26,793,29.153535760733153
51.753034522050754,-0.3393675008579825,68,2024-12-13 20:47:46,853,20.416792488190357,Rainy,199,503,6.802868385520116
51.75803666832718,-0.331814353143851,60,2024-12-13 20:32:46,880,48.7797982367959,Stormy,331,661,6.510083796760101
51.75134244209214,-0.3374290776623297,80,2024-12-13 20:17:46,236,30.289141119694357,Clear,285,603,26.721090507437463
51.75864478579819,-0.32564153680322916,95,2024-12-13 20:02:46,360,16.077655609158555,Clear,205,270,13.284450475974033
51.74988998335885,-0.33859449552352805,89,2024-12-13 19:47:46,353,4.55848722189592,Clear,372,346,33.953621203076956
51.75663219253396,-0.32773939021036763,75,2024-12-13 19:32:46,678,2.927576625085148,Clear,329,636,27.606068506350475
51.75323023663045,-0.33114764245547257,74,2024-12-13 19:17:46,647,18.08393282768164,Foggy,292,237,28.16395941275308
51.74680601165376,-0.3380459727126305,91,2024-12-13 19:02:46,227,30.726595611963138,Stormy,140,629,8.008581035218228
51.75947853499334,-0.3263937938082315,51,2024-12-13 18:47:46,944,46.03713958653512,Clear,78,285,16.04681704835543
51.743455683992046,-0.32677787206907705,90,2024-12-13 18:32:46,757,23.000894423530564,Rainy,314,46,17.241009242986017
51.746149314255895,-0.33387040465287676,96,2024-12-13 18:17:46,626,36.49780522647681,Stormy,468,524,20.7840621567222
51.75614430205192,-0.3314489386867198,77,2024-12-13 18:02:46,691,18.10440819479497,Clear,211,529,7.367977846625874
51.74457928197151,-0.3369987563258841,76,2024-12-13 17:47:46,346,9.473263030692918,Windy,406,384,11.559459728654456
51.756848809283696,-0.32734553006804495,76,2024-12-13 17:32:46,616,14.250279243299703,Clear,112,65,30.873102605280522
51.74903471470432,-0.33404044314702347,60,2024-12-13 17:17:46,103,15.778359595508638,Stormy,255,204,17.76798817986623
51.7535721280014,-0.3352746621628758,50,2024-12-13 17:02:46,545,20.713874635117758,Rainy,95,747,23.414332578070525
51.74568232063296,-0.3268936427820976,91,2024-12-13 16:47:46,449,29.11361448620206,Clear,401,628,20.768291527216636
51.75118796546436,-0.3348383348337903,67,2024-12-13 16:32:46,844,46.43725898055326,Rainy,111,660,20.76431559536868
51.74330246005032,-0.32462956485734823,58,2024-12-13 16:17:46,883,12.238546509977834,Rainy,278,368,6.734183312812588
51.759455117038975,-0.34380026438310346,86,2024-12-13 16:02:46,840,4.157326395073906,Windy,287,492,15.599762174236206
51.760722958426896,-0.335701805583878,81,2024-12-13 15:47:46,291,27.761297602073665,Windy,125,414,6.2634112364363315
51.75111153520211,-0.3284159613303756,85,2024-12-13 15:32:46,481,13.422063349154028,Foggy,500,326,6.8308821397883515
51.7491090262499,-0.33245800632397127,52,2024-12-13 15:17:46,121,25.710318991398175,Rainy,62,639,8.794147252483056
51.76017913868824,-0.3257883674397206,72,2024-12-13 15:02:46,209,14.811628517161067,Cloudy,490,594,6.03189261932641
51.74265395708954,-0.33708335020021085,58,2024-12-13 14:47:46,546,38.43272353199294,Cloudy,113,481,25.888274105500543
51.7585214707941,-0.3374914866770189,80,2024-12-13 14:32:46,775,40.80431588899925,Clear,412,348,15.54522805943333
51.75288700932242,-0.3368762242897308,54,2024-12-13 14:17:46,86,8.800712538514446,Windy,68,547,20.81897658087633
51.743594269903724,-0.3385294456624138,73,2024-12-13 14:02:46,827,26.777926605235585,Windy,111,265,9.35485236524735
51.74503464851296,-0.3373860084306689,51,2024-12-13 13:47:46,476,2.18940909506928,Clear,95,494,20.53862808411516
51.74716810410994,-0.3410196728386192,58,2024-12-13 13:32:46,856,47.69898763420989,Foggy,93,405,25.186456230756615
51.750898887811694,-0.3271294702920099,92,2024-12-13 13:17:46,665,39.21840155210588,Rainy,112,199,17.853368471094207
51.76163425387864,-0.34175948936633155,96,2024-12-13 13:02:46,55,48.8671860411873,Cloudy,350,418,21.106154566536187
51.760241352299865,-0.3435788917986453,83,2024-12-13 12:47:46,713,38.54018338793543,Foggy,386,267,30.435295129778396
51.74432653734893,-0.32634452758080434,92,2024-12-13 12:32:46,954,1.6716869091886353,Cloudy,88,506,8.086373758019334
51.74894445114859,-0.3261425043595699,54,2024-12-13 12:17:46,938,36.971649001089084,Stormy,243,418,25.487492635134505
51.7574854453019,-0.3267224091443431,83,2024-12-13 12:02:46,398,29.89905029787374,Stormy,175,566,13.268088797935423
51.75534528627581,-0.33920027100991296,71,2024-12-13 11:47:46,701,3.3010215210130474,Rainy,459,39,14.328698432562314
51.75945086067152,-0.3282704795940106,75,2024-12-13 11:32:46,441,40.442670292866644,Cloudy,95,325,17.328732551651004
51.76118119584041,-0.3408260062248196,71,2024-12-13 11:17:46,187,7.625683062116207,Windy,53,718,20.662043085090417
51.7513787895187,-0.33043165967939103,93,2024-12-13 11:02:46,748,7.58182956981972,Cloudy,298,414,21.021078517324653
51.748302096063476,-0.3432242171432499,68,2024-12-13 10:47:46,19,17.925129076550988,Stormy,440,461,34.5507703132937
51.74283396422504,-0.3428977895112925,76,2024-12-13 10:32:46,430,6.211127487259367,Windy,164,621,28.51713751576496
51.76163615918514,-0.330593483816736,52,2024-12-13 10:17:46,962,43.69363877566395,Foggy,156,641,28.82823058575024
51.74234844117568,-0.3327386615416578,58,2024-12-13 10:02:46,263,28.68407373416968,Clear,11,115,17.86699996210247
51.75078425443827,-0.33201220496160866,53,2024-12-13 09:47:46,398,18.56916710957198,Cloudy,354,605,14.195946829749884
51.744521852530255,-0.33566748996414425,96,2024-12-13 09:32:46,225,44.23306062440082,Cloudy,152,686,18.862154808756173
51.749133732815054,-0.33517593061041645,78,2024-12-13 09:17:46,114,28.593609685716682,Rainy,201,54,33.83658217064611
51.7609385205593,-0.34286403621869277,88,2024-12-13 09:02:46,224,16.902314044056194,Clear,241,609,5.096604978107679
51.7608396847069,-0.33946744611966395,50,2024-12-13 08:47:46,709,22.59184678087362,Stormy,140,692,19.91280395299198
51.74608922116667,-0.3319199433048891,61,2024-12-13 08:32:46,915,26.748776176217152,Windy,486,553,23.73029612888855
51.74385216609635,-0.3438489003086786,96,2024-12-13 08:17:46,354,2.2110259987276057,Stormy,130,314,27.657368287826777
51.75185944773448,-0.33425330925109537,63,2024-12-13 08:02:46,586,43.049290997638685,Clear,63,82,31.81984253697836
51.75552359159692,-0.3263400389943909,87,2024-12-13 07:47:46,118,34.77957279902503,Foggy,486,634,27.866411309479425
51.75611426019905,-0.3388331493852174,53,2024-12-13 07:32:46,480,7.715060627421627,Rainy,80,453,23.04809490936861
51.75512197476523,-0.33058658771178606,58,2024-12-13 07:17:46,160,48.101999147578354,Rainy,169,487,33.66354654848941
51.75290336890565,-0.3439488007582733,63,2024-12-13 07:02:46,283,34.550668387032495,Stormy,463,58,28.375665038105385
51.747231618324086,-0.3397093367582212,81,2024-12-13 06:47:46,570,43.03999902290242,Rainy,341,594,27.482482470161507
51.76100938715558,-0.3404933212446319,90,2024-12-13 06:32:46,584,26.61089328172663,Windy,236,652,10.554334768996291
51.76065504588711,-0.32562345569047874,81,2024-12-13 06:17:46,399,5.556647313306454,Rainy,210,499,8.385854938643096
51.75583125929397,-0.3376579239086492,99,2024-12-13 06:02:46,852,13.95092283090342,Windy,254,502,5.061146732218179
51.74883722845852,-0.3356188279715189,65,2024-12-13 05:47:46,401,40.61461538364326,Cloudy,413,411,32.38562805204923
51.75374029657355,-0.33626545280421594,50,2024-12-13 05:32:46,40,26.142362818598492,Clear,178,609,33.48423792346633
51.745088135071605,-0.3362722016044434,78,2024-12-13 05:17:46,611,31.980869212672232,Stormy,111,367,25.2619929657794
51.74761353182014,-0.3397108913910902,65,2024-12-13 05:02:46,218,13.199140124342891,Windy,226,581,9.771746857257362
51.7468347444931,-0.3357244734787131,80,2024-12-13 04:47:46,489,8.974782202133074,Cloudy,424,257,19.886049125415937
51.742348870394615,-0.3336753134554123,81,2024-12-13 04:32:46,231,20.407047482955466,Clear,383,532,9.556937390002988
51.74905183460429,-0.3248279056216553,59,2024-12-13 04:17:46,582,12.924288083721478,Clear,262,612,31.434368689387163
51.75412208585033,-0.3425593671957839,73,2024-12-13 04:02:46,633,15.09931647790923,Rainy,380,413,14.66252627799805
51.75816050632638,-0.3341158664704832,52,2024-12-13 03:47:46,687,42.69811626704706,Stormy,119,635,27.153763514987325
51.75475376871983,-0.3417392378534599,91,2024-12-13 03:32:46,248,28.18215792330892,Cloudy,479,766,6.464852080995284
51.74904959530169,-0.34347125328481004,91,2024-12-13 03:17:46,417,20.459477718706918,Cloudy,359,100,21.891819418013206
51.74431473489285,-0.32517391468252704,62,2024-12-13 03:02:46,765,33.535929525951495,Windy,301,667,23.247827763300165
51.752558477344856,-0.3408395437595865,58,2024-12-13 02:47:46,429,36.65715659418827,Clear,369,696,9.021569519395173
51.76003991990811,-0.32995398106086254,64,2024-12-13 02:32:46,728,41.45988367168773,Foggy,390,238,16.86740801320785
51.76080928480826,-0.3242029098076501,81,2024-12-13 02:17:46,427,1.1141407600440618,Cloudy,68,131,22.39319196946021
51.761053337280934,-0.34136654563801383,55,2024-12-13 02:02:46,698,39.07662076686687,Clear,479,130,11.974557829436197
51.75646467242958,-0.34088281722120223,67,2024-12-13 01:47:46,38,41.28508513259705,Rainy,424,106,12.17661874060613
51.75938902559592,-0.3262668013008055,55,2024-12-13 01:32:46,232,26.314859265353665,Stormy,469,362,9.40074745084999
51.75212205228672,-0.3372548451203247,55,2024-12-13 01:17:46,747,25.889101304410488,Stormy,207,481,31.815037883172607
51.74867406100086,-0.33697719701148904,93,2024-12-13 01:02:46,117,27.57110557140085,Cloudy,116,670,16.78141656777866
51.75076609285012,-0.33610495611421537,96,2024-12-13 00:47:46,615,37.542359821435895,Stormy,415,111,24.83612451492481
51.75567233739395,-0.34312257459981427,88,2024-12-13 00:32:46,77,39.074204966726604,Windy,378,34,7.148007312041686
51.746200390613886,-0.3426250622080052,57,2024-12-13 00:17:46,461,21.340165919882985,Clear,202,190,8.240978325732353
51.75257917152019,-0.333732564419775,53,2024-12-13 00:02:46,643,21.96815037616582,Cloudy,52,40,11.701262210448728
51.74723059623397,-0.3390774505404027,70,2024-12-12 23:47:46,803,1.79634699773991,Cloudy,327,507,16.602240509485945
51.74773949620902,-0.3411654033389345,94,2024-12-12 23:32:46,22,11.477174611113762,Clear,323,743,34.20096820211769
51.75949227394596,-0.32400083311111505,96,2024-12-12 23:17:46,105,14.179948939180631,Foggy,16,286,10.83389650834325
51.74679709665806,-0.34333673552792104,60,2024-12-12 23:02:46,69,42.31030258784127,Clear,4,142,29.170264275535338
51.75202127825764,-0.33597584860449664,50,2024-12-12 22:47:46,318,40.55525415487132,Foggy,473,103,30.25061848929043
51.74705825139089,-0.3430660963755514,82,2024-12-12 22:32:46,543,33.29967978996686,Cloudy,162,404,31.0944092339355
51.75380489704832,-0.3284528467006224,65,2024-12-12 22:17:46,488,16.28772482986551,Stormy,360,682,24.732832882440558
51.75977811313748,-0.34316909305291504,59,2024-12-12 22:02:46,520,38.51207944381167,Rainy,176,524,10.256392522485692
51.75074257411035,-0.32889238054876724,61,2024-12-12 21:47:46,750,21.07041207363896,Stormy,237,146,6.404248396482558
51.74263248168179,-0.34073374539722334,79,2024-12-12 21:32:46,833,24.925773130987654,Windy,371,501,15.878614468467259
51.758005854624585,-0.3417080051690668,50,2024-12-12 21:17:46,71,18.28576024933602,Stormy,232,422,30.994712091908493
51.74550914894388,-0.3383163594410835,68,2024-12-12 21:02:46,494,18.10695479380951,Foggy,374,257,25.401667777814172
51.74262829681162,-0.3436854801224125,52,2024-12-12 20:47:46,46,40.64939205133791,Windy,342,704,30.430846783313008
51.75906716254052,-0.3373684808384702,69,2024-12-12 20:32:46,746,17.390348304077712,Rainy,386,267,10.518961450231235
51.75540512410605,-0.3318818130614498,63,2024-12-12 20:17:46,658,25.307391573631293,Foggy,395,423,28.196083900156985
51.75914899091055,-0.34122782124941614,95,2024-12-12 20:02:46,658,14.27094639042938,Rainy,212,786,5.03332250378222
51.75890116308563,-0.32433613325303573,53,2024-12-12 19:47:46,988,15.176116662202007,Rainy,337,620,33.444944704961685
51.75984543632288,-0.3417291969924881,66,2024-12-12 19:32:46,656,23.724476592691843,Foggy,141,730,8.36437775484183
51.743818988353105,-0.3367642080000471,83,2024-12-12 19:17:46,290,25.621976610464593,Rainy,138,73,10.231438229067429
51.760169393028505,-0.33134073509051615,65,2024-12-12 19:02:46,650,46.902773553865906,Windy,191,509,10.483353500977518
51.75213361837955,-0.33425573863896507,82,2024-12-12 18:47:46,802,47.183800105027615,Clear,365,509,12.74625631981432
51.754051421965976,-0.32714942600378394,89,2024-12-12 18:32:46,124,33.140720100358,Stormy,106,45,17.375210374769953
51.74599353619723,-0.33333181996899136,75,2024-12-12 18:17:46,864,46.6890576678141,Stormy,478,161,13.73965426236881
51.75064312218694,-0.3240016085268906,61,2024-12-12 18:02:46,273,47.38353725285143,Foggy,444,658,33.8291604653602
51.74888303067075,-0.3373181868327786,59,2024-12-12 17:47:46,333,32.995011117262,Windy,10,143,6.945113578857981
51.743495578307744,-0.32630075336972747,80,2024-12-12 17:32:46,581,5.307924240583512,Foggy,377,593,31.340478206870664
51.75376014417514,-0.3337311111502176,60,2024-12-12 17:17:46,658,47.05117263601166,Stormy,299,99,20.021104793878244
51.75444372406705,-0.3303964084247526,71,2024-12-12 17:02:46,915,39.79045996001613,Cloudy,181,320,27.522621945283245
51.74839463023952,-0.34239156758033285,61,2024-12-12 16:47:46,895,32.36266191590383,Clear,196,439,29.526841053256895
51.74717614258535,-0.34155989498108297,91,2024-12-12 16:32:46,445,19.7640824255607,Cloudy,462,253,28.89152487988457
51.755432260844394,-0.3374268103706813,68,2024-12-12 16:17:46,830,16.460489004924064,Foggy,266,210,24.633916457078637
51.75256141550561,-0.33261370958419834,93,2024-12-12 16:02:46,426,44.32271759219187,Stormy,356,419,16.223726794027655
51.75602705046429,-0.34070849542665377,79,2024-12-12 15:47:46,666,20.382146305535663,Rainy,232,232,26.241999886057066
51.75035953687785,-0.32741912941145707,60,2024-12-12 15:32:46,928,38.218631851792665,Rainy,162,144,27.814395517080218
51.74845650058649,-0.34121708305908577,82,2024-12-12 15:17:46,598,34.5163734864789,Rainy,384,250,12.857743227301231
51.75212157027127,-0.3308275205302979,77,2024-12-12 15:02:46,666,20.958159978208567,Cloudy,228,253,16.750275365124867
51.7502521120561,-0.3322520280396383,64,2024-12-12 14:47:46,50,25.45310280409915,Windy,487,667,6.550882026829862
51.746246739673744,-0.32443664108683556,68,2024-12-12 14:32:46,281,24.75403683839746,Stormy,109,282,8.641848727931983
51.75008893824215,-0.32685018813389344,53,2024-12-12 14:17:46,791,46.20277414705038,Windy,173,791,29.049654912371235
51.755629745412676,-0.3362376564948765,77,2024-12-12 14:02:46,640,32.492334130620925,Foggy,415,352,32.48251292963015
51.74235497516578,-0.32872593302994396,60,2024-12-12 13:47:46,199,29.370131728479432,Windy,86,627,29.00168756750229
51.743693970058196,-0.33254818106449974,79,2024-12-12 13:32:46,580,45.7485008476014,Foggy,307,106,31.923370925539007
51.74538479630318,-0.33371597846758105,51,2024-12-12 13:17:46,468,41.26196808043279,Foggy,201,691,8.774174957424457
51.75765361901614,-0.32714844604415755,89,2024-12-12 13:02:46,778,46.03417235710452,Rainy,5,477,34.37733957984189
51.75708795912815,-0.32979305342451165,92,2024-12-12 12:47:46,556,4.357382034541585,Cloudy,86,169,17.935435356303593
51.75036031875932,-0.3318736556345955,83,2024-12-12 12:32:46,528,46.33157341871904,Rainy,385,589,24.50515860087785
51.75175734241266,-0.32586728020242783,94,2024-12-12 12:17:46,517,42.89695203954895,Rainy,68,79,9.508575873743238
51.761578217476604,-0.3331998329172726,81,2024-12-12 12:02:46,156,4.873095984684611,Clear,260,141,13.90167070525701
51.75968314808128,-0.3355105528564944,87,2024-12-12 11:47:46,996,4.334805769891755,Stormy,474,261,7.500244288788433
51.74469595323607,-0.33563993218384924,77,2024-12-12 11:32:46,541,42.052674772420005,Clear,395,739,12.628519735607558
51.75496846665426,-0.3428449535597524,86,2024-12-12 11:17:46,593,25.274088353221654,Foggy,301,721,11.703844422933294
51.7609058060646,-0.3270455711044523,84,2024-12-12 11:02:46,545,48.41515369333146,Rainy,216,646,27.613728076698823
51.74495685575757,-0.34015460131370534,72,2024-12-12 10:47:46,926,38.48818351684745,Foggy,363,352,25.531320490677892
51.74545636742206,-0.3319426126125688,72,2024-12-12 10:32:46,911,35.97418163735672,Windy,41,671,26.315218135647473
51.746710546233004,-0.3358118485764935,81,2024-12-12 10:17:46,123,27.815388789216318,Cloudy,189,96,30.412922947883946
51.75674328513085,-0.3389215691421894,51,2024-12-12 10:02:46,769,39.315945712862025,Cloudy,462,771,22.462526305171153
51.74463458399755,-0.33294606744860344,83,2024-12-12 09:47:46,868,12.50817892885145,Clear,165,105,19.251840867788157
51.75095208707122,-0.34181700086983435,77,2024-12-12 09:32:46,164,25.30374075553436,Stormy,349,516,12.9533849567547
51.75897181701118,-0.3429893044864022,74,2024-12-12 09:17:46,431,6.9322917370916555,Cloudy,153,139,18.143662509977325
51.75644217347554,-0.34218540856312396,80,2024-12-12 09:02:46,334,22.177179882141225,Foggy,483,725,22.000506956501333
51.743495969007924,-0.3367242310042603,64,2024-12-12 08:47:46,443,17.088143934975925,Cloudy,87,372,17.29181530214485
51.76155299727126,-0.34285425643931733,61,2024-12-12 08:32:46,914,40.69964932818448,Stormy,482,718,15.516490034177707
51.759267783282326,-0.32555429159814486,55,2024-12-12 08:17:46,334,38.931235061097226,Cloudy,471,701,18.804867979916754
51.75371408034504,-0.3339988210412426,100,2024-12-12 08:02:46,524,17.218744359172753,Foggy,294,307,11.773414335474246
51.752661860912504,-0.34149432643490185,100,2024-12-12 07:47:46,509,38.31519012189542,Rainy,400,22,33.97328355881214
51.74813382111823,-0.32500498870999117,63,2024-12-12 07:32:46,961,17.029828787392244,Cloudy,263,55,30.826922748844833
51.752910370338114,-0.3261158508022281,57,2024-12-12 07:17:46,776,38.641489028395064,Rainy,25,110,27.427056789131843
51.752073075275234,-0.3289502788225163,78,2024-12-12 07:02:46,30,34.15236777590542,Clear,73,159,24.882459142559256
51.756690268359506,-0.33953462402578144,88,2024-12-12 06:47:46,869,28.519424441121295,Clear,406,514,10.352708518882194
51.74239275686667,-0.3397474640756008,86,2024-12-12 06:32:46,830,1.6889516125765174,Rainy,390,796,13.234221814012066
51.75688423554259,-0.32690736894028777,93,2024-12-12 06:17:46,820,32.02072964747316,Clear,344,389,12.107162106197173
51.74957808445903,-0.3403931365625064,92,2024-12-12 06:02:46,734,37.08384420826555,Stormy,128,291,33.09670682098913
51.76121734035371,-0.32460911888055,78,2024-12-12 05:47:46,795,28.977482517817986,Rainy,326,734,20.829600963524076
51.75719453708872,-0.3331910491684533,83,2024-12-12 05:32:46,709,25.065470772720598,Cloudy,106,358,15.11654064094188
51.74756010717165,-0.33994687230390425,81,2024-12-12 05:17:46,793,38.91716979405661,Clear,462,535,10.29358170585569
51.75692911530188,-0.34174793675066867,79,2024-12-12 05:02:46,649,29.71225040945815,Foggy,152,570,30.05733228261433
51.755717058926294,-0.33734566293871265,54,2024-12-12 04:47:46,977,39.47373416660786,Clear,500,306,6.080299836017139
51.76195459428117,-0.34273567931022014,72,2024-12-12 04:32:46,431,32.51455997763118,Rainy,243,760,23.03211675513854
51.75200174225699,-0.3389319851304846,65,2024-12-12 04:17:46,857,19.718208420439183,Windy,276,241,10.287034949965552
51.7507553162743,-0.3331302771104918,53,2024-12-12 04:02:46,207,7.2142755667517955,Stormy,245,368,5.742953969989529
51.746544114683694,-0.33918227781618254,52,2024-12-12 03:47:46,866,39.87918811244051,Cloudy,456,787,33.68202396835828
51.75424420061801,-0.33274668119059025,86,2024-12-12 03:32:46,740,36.25097455312615,Clear,81,135,19.1313236371246
51.74679126405559,-0.3378610128150467,97,2024-12-12 03:17:46,379,22.81928172895131,Foggy,366,633,31.650944713871166
51.750682562981744,-0.3437239896295453,83,2024-12-12 03:02:46,805,16.929017760202512,Rainy,208,689,9.417205649979618
51.744006815564056,-0.34294099409481765,52,2024-12-12 02:47:46,393,37.54251943746664,Clear,147,58,12.227148050244338
51.76137185046711,-0.3360271671149546,97,2024-12-12 02:32:46,821,1.964207677698557,Foggy,100,564,8.852050670225605
51.74399314603593,-0.3389363015113127,61,2024-12-12 02:17:46,735,49.65541437186456,Clear,87,131,33.68510467118651
51.74672804870689,-0.3403318109703414,84,2024-12-12 02:02:46,924,26.148294714080176,Rainy,104,633,11.878596293237973
51.7563061361276,-0.3335690876040578,55,2024-12-12 01:47:46,645,34.72901027129122,Stormy,319,430,29.46471762580395
51.756815278691114,-0.34036533303820793,84,2024-12-12 01:32:46,45,36.10454991110151,Cloudy,167,445,5.318825547571009
51.75179412373477,-0.3263609903083338,96,2024-12-12 01:17:46,410,29.58837065462332,Rainy,497,286,22.772455277420935
51.75477950653777,-0.33472806443881065,61,2024-12-12 01:02:46,710,6.198938619605435,Foggy,26,680,18.306597730273246
51.760405588052684,-0.3325335211801163,57,2024-12-12 00:47:46,404,46.15445092406497,Stormy,165,375,19.75175962860812
51.75839512843881,-0.32773307718947825,71,2024-12-12 00:32:46,514,13.470877646417685,Foggy,312,456,26.206247553040686
51.753769497008555,-0.33236027321180933,85,2024-12-12 00:17:46,510,12.71665428812507,Stormy,280,588,5.4499328515401215
51.757887871981836,-0.3242180991684059,62,2024-12-12 00:02:46,896,22.200145624109847,Foggy,413,655,8.574659310609047
51.74258483925099,-0.33466253984117006,76,2024-12-11 23:47:46,778,45.42105774982507,Stormy,342,307,17.644475396139093
51.75046141050983,-0.33108317655848957,63,2024-12-11 23:32:46,217,29.437798624742246,Foggy,366,589,19.984058790004248
51.74363453200888,-0.34083491226997503,83,2024-12-11 23:17:46,856,29.381481177863595,Cloudy,86,459,23.006833047292364
51.75868753492669,-0.34109188840293575,52,2024-12-11 23:02:46,441,18.431622638957634,Foggy,188,765,24.69434742686629
51.74529828396279,-0.33078288195626976,95,2024-12-11 22:47:46,998,15.115019414493208,Foggy,115,552,9.651898499769093
51.74538175491019,-0.3247523812706689,58,2024-12-11 22:32:46,955,43.12049859996255,Stormy,338,349,22.032496052492174
51.75895552760007,-0.3334515729183071,68,2024-12-11 22:17:46,149,30.09242831529434,Clear,103,48,5.282211243791122
51.752008004008886,-0.33157289964615383,60,2024-12-11 22:02:46,155,49.04557111533974,Stormy,131,396,8.327292881030571
51.76066288762058,-0.33763596696068404,80,2024-12-11 21:47:46,372,29.67141978973593,Cloudy,477,598,6.341502384352361
51.754037879309855,-0.33108554079781766,91,2024-12-11 21:32:46,365,42.52260729994979,Stormy,173,40,19.392422807013766
51.754751456322964,-0.32821240684101843,90,2024-12-11 21:17:46,341,35.44551424570393,Foggy,151,616,8.70685217858754
51.74440146459324,-0.3373289110510094,80,2024-12-11 21:02:46,132,2.091171566162158,Rainy,82,380,22.397994227728972
51.748066286158696,-0.34060593501036923,80,2024-12-11 20:47:46,521,40.95471148918991,Cloudy,392,411,17.109589930838652
51.74947385424699,-0.33928699462182627,86,2024-12-11 20:32:46,561,47.24905151397169,Windy,156,659,8.1852560165383
51.749330007757806,-0.34357411707733654,98,2024-12-11 20:17:46,395,8.563862045456881,Windy,465,232,31.807129675553167
51.74948149321555,-0.3422190453617289,96,2024-12-11 20:02:46,107,22.44732086806571,Cloudy,288,514,19.484865545240723
51.7423990115516,-0.3316617280123362,52,2024-12-11 19:47:46,621,8.55970992381539,Foggy,76,474,29.322804975560917
51.75680540912295,-0.33254805344503907,76,2024-12-11 19:32:46,907,41.20661113238257,Cloudy,248,156,8.303576080026279
51.7522278428973,-0.3295072310734145,65,2024-12-11 19:17:46,965,43.51193239405018,Rainy,232,243,21.450979714788453
51.75071490777273,-0.3271976617974403,80,2024-12-11 19:02:46,13,39.18348726206936,Stormy,9,784,34.585913938163316
51.75512926843138,-0.3340620789301529,65,2024-12-11 18:47:46,865,48.30363876209942,Clear,153,218,5.798856816095386
51.74970608846216,-0.33215816878415383,70,2024-12-11 18:32:46,130,22.435886047965514,Stormy,47,446,29.050262595462595
51.75325578566649,-0.32429840999078013,58,2024-12-11 18:17:46,622,27.96403697886111,Rainy,345,96,34.192261929183736
51.76182441094881,-0.3251932497122386,76,2024-12-11 18:02:46,841,39.86265916292198,Windy,498,21,19.547992662239565
51.74225354665098,-0.3406208854999224,68,2024-12-11 17:47:46,992,11.69244178368417,Clear,490,265,24.17414207523449
51.7530587573232,-0.33663902944612556,92,2024-12-11 17:32:46,793,7.9424752242826315,Cloudy,175,349,21.492746588946222
51.744642221698314,-0.3291773777837937,60,2024-12-11 17:17:46,35,46.985026802100684,Rainy,360,247,31.056327964232395
51.75032894521635,-0.3427290239656266,77,2024-12-11 17:02:46,514,27.99605174299829,Cloudy,77,195,11.971661550107543
51.74423684000007,-0.3430239814868006,52,2024-12-11 16:47:46,13,18.255439583902593,Cloudy,46,604,21.17418833552943
51.75488573596008,-0.33625183042399254,89,2024-12-11 16:32:46,700,38.85042005492361,Cloudy,196,794,33.96884803181719
51.75957557027173,-0.34305462615214327,54,2024-12-11 16:17:46,673,2.0082543547048273,Clear,47,481,11.05944209369246
51.75819019766512,-0.3405653146314551,76,2024-12-11 16:02:46,503,1.8878217040401417,Cloudy,301,451,10.640612986123209
51.76199055731441,-0.3242854391841424,62,2024-12-11 15:47:46,733,19.86722956521284,Stormy,223,585,9.062799705941806
51.74925951967001,-0.327916519594542,50,2024-12-11 15:32:46,401,12.477649374014236,Cloudy,49,658,8.241874665161983
51.74975305737776,-0.3370188700524038,97,2024-12-11 15:17:46,219,16.180444500423278,Stormy,158,400,19.52887756564752
51.75543010265922,-0.3269862142946559,78,2024-12-11 15:02:46,109,6.261488698635739,Cloudy,61,175,10.7762837706045
51.75128723947644,-0.3328593175876991,60,2024-12-11 14:47:46,18,46.74653389329766,Windy,144,462,8.564111971955695
51.74936147171767,-0.33916730869404027,100,2024-12-11 14:32:46,250,40.46967386758557,Windy,21,592,30.759380251974363
51.7605082957046,-0.3262736586411159,91,2024-12-11 14:17:46,647,49.12315032511579,Cloudy,138,226,15.711940398079127
51.75747770641829,-0.32609243188325937,77,2024-12-11 14:02:46,991,24.645913399893068,Cloudy,462,166,12.214724782295146
51.755621703679715,-0.34315013894964413,84,2024-12-11 13:47:46,366,3.0792047223189156,Stormy,77,57,17.6627794091159
51.749192534821354,-0.32562739647217565,58,2024-12-11 13:32:46,671,19.041204126072586,Stormy,356,510,27.585791418391423
51.747105908485814,-0.3312346980120779,71,2024-12-11 13:17:46,696,16.49894491681422,Cloudy,328,134,13.923539631957333
51.74329122927852,-0.34026342795118186,83,2024-12-11 13:02:46,507,25.74561770676088,Windy,301,237,29.311824180129726
51.74927461042912,-0.33763031668283816,89,2024-12-11 12:47:46,72,29.23986906336266,Cloudy,220,144,13.842960008047974
51.75943871817305,-0.33393355877080855,88,2024-12-11 12:32:46,508,6.764848313879702,Rainy,123,373,24.78175044587601
51.75678662665468,-0.33944918024582044,94,2024-12-11 12:17:46,107,45.5323961636051,Stormy,117,278,7.38224652858481
51.750203418258906,-0.32745975008278233,58,2024-12-11 12:02:46,798,4.050361560637368,Stormy,293,433,33.535639482801315
51.755335895947965,-0.32969855002266496,69,2024-12-11 11:47:46,491,40.020053716310265,Stormy,62,233,28.321137488863968
51.759870095695085,-0.3336162764337961,72,2024-12-11 11:32:46,825,39.607989471779135,Cloudy,22,758,34.04563289335085
51.76192363971737,-0.3279807150430478,76,2024-12-11 11:17:46,731,6.7089496896573015,Cloudy,36,458,19.03254534669604
51.756337067150966,-0.3337385641102635,60,2024-12-11 11:02:46,867,38.9602199253542,Windy,314,699,14.175826533737144
51.75702791362639,-0.3300522490284037,100,2024-12-11 10:47:46,129,1.8619458351806353,Cloudy,302,130,21.128601786933285
51.743507556003706,-0.328683264112665,66,2024-12-11 10:32:46,255,10.82256721926726,Stormy,288,272,6.780365719283438
51.75056799053295,-0.34014149348979106,79,2024-12-11 10:17:46,246,45.03864035251274,Cloudy,22,700,31.961474343433025
51.76046394222065,-0.33470716247141125,75,2024-12-11 10:02:46,178,31.639396070177355,Stormy,85,241,14.558174139643192
51.7497107088118,-0.33590359175493334,51,2024-12-11 09:47:46,149,6.586326843944719,Rainy,339,73,32.237862902246434
51.76071006107865,-0.33908736199407363,55,2024-12-11 09:32:46,797,20.92744766549801,Foggy,108,769,16.894935987466653
51.75293980727233,-0.33415895865046186,68,2024-12-11 09:17:46,333,18.030913284811604,Stormy,337,491,18.58133139193198
51.75078395862461,-0.3251428925101975,84,2024-12-11 09:02:46,459,49.152914220459635,Windy,192,712,20.298884466312956
51.7530555283519,-0.32821821788566313,94,2024-12-11 08:47:46,591,44.10427046207394,Cloudy,227,441,28.776639849785436
51.75771988824765,-0.32475983260213337,73,2024-12-11 08:32:46,457,6.877892280885477,Rainy,409,628,9.918312298626528
51.749081892786165,-0.3271968308686014,64,2024-12-11 08:17:46,503,27.969682580295142,Stormy,142,176,31.822766314437064
51.75041228582876,-0.3298827579550733,58,2024-12-11 08:02:46,20,2.6975421036413705,Cloudy,297,760,9.279522622071841
51.74448510439426,-0.34285642809524514,63,2024-12-11 07:47:46,413,5.939403467670915,Cloudy,437,335,13.521763215113046
51.74912722269452,-0.33133941413305334,86,2024-12-11 07:32:46,610,45.425100279936196,Clear,271,149,27.479419004598125
51.76022187409435,-0.34188023229574915,54,2024-12-11 07:17:46,120,18.53309212297925,Stormy,194,587,12.52033011694084
51.75000671996888,-0.3437120483758536,61,2024-12-11 07:02:46,543,5.35920085017548,Cloudy,282,432,29.606629095759192
51.75214082699326,-0.3434047472102177,81,2024-12-11 06:47:46,239,37.31412650974417,Windy,118,132,24.829483123061806
